{"schemaVersion":"1.0","appDefinitionTemplate":{"id":"/providers/Microsoft.PowerApps/apps/","type":"Microsoft.PowerApps/apps","tags":{"primaryDeviceWidth":"2048","primaryDeviceHeight":"807","supportsPortrait":"true","supportsLandscape":"true","primaryFormFactor":"Tablet","showStatusBar":"false","publisherVersion":"3.25032.9","minimumRequiredApiVersion":"2.2.0","hasComponent":"false","hasUnlockedComponent":"false","isUnifiedRootApp":"false","sienaVersion":"20250319T194503Z-3.25032.9.0"},"properties":{"appVersion":"2025-03-19T19:45:03Z","lifeCycleId":"Published","createdByClientVersion":{"major":3,"minor":25032,"build":9,"revision":0,"majorRevision":0,"minorRevision":0},"minClientVersion":{"major":3,"minor":25032,"build":9,"revision":0,"majorRevision":0,"minorRevision":0},"backgroundColor":"RGBA(0,176,240,1)","backgroundImageUri":"/10609484141170126901/N9b4fdc70-79fc-47be-9e88-cfd55ea28c61-logoSmallFile","displayName":"Aplicativo PDF","description":"","aiGeneratedDescription":"Enhance your workflow with the Aplicativo PDF app. Seamlessly generate PDFs from your data and send them via email, improving document management and communication processes.","commitMessage":"","appUris":{"documentUri":{"value":"/10609484141170126901/N4d2729b0-3886-48a3-8f07-132d51c2c9d0-document.msapp"},"imageUris":[],"additionalUris":[{"isSolutionAware":false,"value":"/10609484141170126901/N9a898401-3791-491e-8816-4219bc3f89c3-identity.json"}]},"createdTime":"0001-01-01T00:00:00Z","lastModifiedTime":"0001-01-01T00:00:00Z","sharedGroupsCount":0,"sharedUsersCount":0,"connectionReferences":{"b423ee34-20af-4ae7-8a86-032a2071134d":{"id":"8e4f451a-caca-481a-9e6d-d51f02caea20","displayName":"Office 365 Outlook","iconUri":"https://connectoricons-prod.azureedge.net/releases/v1.0.1722/1.0.1722.3975/office365/icon.png","dataSources":["Office365Outlook_1"],"dependencies":[],"dependents":[],"parameterHints":{},"parameterHintsV2":{},"isOnPremiseConnection":false,"bypassConsent":false,"dataSets":{},"apiTier":"Standard","isCustomApiConnection":false,"actions":["SendEmailV2"]},"b4dd3ec7-2ae6-493f-b7d0-26ca373e5837":{"id":"88f353af-9f0b-40da-907a-de320e781704","displayName":"SharePoint","iconUri":"https://conn-afd-prod-endpoint-bmc9bqahasf3grgk.b01.azurefd.net/releases/v1.0.1738/1.0.1738.4131/sharepointonline/icon.png","dataSources":["Produtos"],"dependencies":[],"dependents":[],"parameterHints":{},"parameterHintsV2":{},"isOnPremiseConnection":false,"bypassConsent":false,"dataSets":{"https://biaferreira778.sharepoint.com/sites/PDFProdutos":{"dataSources":{"Produtos":{"tableName":"621c10f9-7b3a-43f7-938f-2396501dd66c"}}}},"apiTier":"Standard","isCustomApiConnection":false,"actions":["providers/PowerPlatform.Governance/Operations/Read"]}},"databaseReferences":{},"almMode":"Environment","performanceOptimizationEnabled":true,"canConsumeAppPass":false,"enableModernRuntimeMode":false},"isAppComponentLibrary":false,"appType":"ClassicCanvasApp","appComponents":[]}}